Time,10/30/2024 NORTH,10/30/2024 SOUTH,10/31/2024 NORTH,10/31/2024 SOUTH,11/01/2024 NORTH,11/01/2024 SOUTH,11/02/2024 NORTH,11/02/2024 SOUTH,11/03/2024 NORTH,11/03/2024 SOUTH,11/04/2024 NORTH,11/04/2024 SOUTH,11/05/2024 NORTH,11/05/2024 SOUTH,11/06/2024 NORTH,11/06/2024 SOUTH,11/07/2024 NORTH,11/07/2024 SOUTH,11/08/2024 NORTH,11/08/2024 SOUTH,11/09/2024 NORTH,11/09/2024 SOUTH,11/10/2024 NORTH,11/10/2024 SOUTH,11/11/2024 NORTH,11/11/2024 SOUTH,11/12/2024 NORTH,11/12/2024 SOUTH,11/13/2024 NORTH,11/13/2024 SOUTH,11/14/2024 NORTH,11/14/2024 SOUTH,11/15/2024 NORTH,11/15/2024 SOUTH,11/16/2024 NORTH,11/16/2024 SOUTH,11/17/2024 NORTH,11/17/2024 SOUTH,11/18/2024 NORTH,11/18/2024 SOUTH,11/19/2024 NORTH,11/19/2024 SOUTH,11/20/2024 NORTH,11/20/2024 SOUTH,11/21/2024 NORTH,11/21/2024 SOUTH,11/22/2024 NORTH,11/22/2024 SOUTH,11/23/2024 NORTH,11/23/2024 SOUTH,11/24/2024 NORTH,11/24/2024 SOUTH,11/25/2024 NORTH,11/25/2024 SOUTH,11/26/2024 NORTH,11/26/2024 SOUTH,11/27/2024 NORTH,11/27/2024 SOUTH,11/28/2024 NORTH,11/28/2024 SOUTH,11/29/2024 NORTH,11/29/2024 SOUTH,11/30/2024 NORTH,11/30/2024 SOUTH,12/01/2024 NORTH,12/01/2024 SOUTH,12/02/2024 NORTH,12/02/2024 SOUTH,12/03/2024 NORTH,12/03/2024 SOUTH,12/04/2024 NORTH,12/04/2024 SOUTH,12/05/2024 NORTH,12/05/2024 SOUTH,12/06/2024 NORTH,12/06/2024 SOUTH,12/07/2024 NORTH,12/07/2024 SOUTH,12/08/2024 NORTH,12/08/2024 SOUTH,12/09/2024 NORTH,12/09/2024 SOUTH,12/10/2024 NORTH,12/10/2024 SOUTH,12/11/2024 NORTH,12/11/2024 SOUTH,12/12/2024 NORTH,12/12/2024 SOUTH,12/13/2024 NORTH,12/13/2024 SOUTH,12/14/2024 NORTH,12/14/2024 SOUTH,12/15/2024 NORTH,12/15/2024 SOUTH,12/16/2024 NORTH,12/16/2024 SOUTH,12/17/2024 NORTH,12/17/2024 SOUTH,12/18/2024 NORTH,12/18/2024 SOUTH,12/19/2024 NORTH,12/19/2024 SOUTH,12/20/2024 NORTH,12/20/2024 SOUTH,12/21/2024 NORTH,12/21/2024 SOUTH,12/22/2024 NORTH,12/22/2024 SOUTH,12/23/2024 NORTH,12/23/2024 SOUTH,12/24/2024 NORTH,12/24/2024 SOUTH
0:00,0,0,40,37,64,60,75,98,107,96,40,49,43,33,43,38,47,49,37,48,89,82,99,106,59,47,38,39,42,29,47,45,38,57,81,85,106,105,48,36,33,36,36,31,27,52,42,60,84,73,72,73,56,68,53,52,63,57,84,93,89,47,62,89,86,95,32,33,45,27,31,47,39,62,48,61,81,79,91,81,33,39,40,46,46,31,47,43,46,54,75,92,89,91,46,38,34,73,43,94,38,65,44,82,69,126,75,168,62,90,63,105
1:00,0,0,25,24,40,36,51,70,86,119,29,26,23,23,23,18,21,11,32,17,50,41,56,35,32,25,20,18,27,22,26,26,31,34,53,45,61,53,23,11,26,16,23,15,26,18,21,35,53,50,52,48,34,26,28,29,30,32,47,46,37,21,53,49,54,42,25,20,21,16,16,14,18,20,34,21,55,42,43,41,23,19,12,24,17,20,36,61,44,27,52,43,66,62,30,22,24,38,23,42,15,22,19,43,41,55,44,89,40,36,38,66
2:00,0,0,27,6,33,26,26,34,32,23,25,20,21,12,23,15,33,13,20,17,25,26,30,44,34,11,23,9,23,12,23,13,24,15,34,37,34,38,28,17,27,11,20,7,35,19,31,16,32,35,29,23,26,11,29,19,30,24,41,30,28,17,42,34,39,33,28,14,28,11,23,10,27,11,19,20,28,30,37,26,27,17,19,13,26,11,16,13,27,10,29,36,38,46,26,15,25,31,28,27,20,29,29,26,29,36,35,51,22,27,35,33
3:00,0,0,45,10,53,24,36,23,45,29,57,22,46,11,46,10,53,18,48,13,37,14,42,17,67,27,46,8,44,14,66,12,51,11,69,21,56,23,56,18,53,11,48,10,49,12,48,13,33,20,38,15,54,18,51,8,50,15,40,20,35,3,28,13,44,19,65,17,43,5,35,10,48,11,42,12,42,13,53,16,49,18,50,12,56,14,53,12,40,21,45,15,56,29,45,14,46,20,44,20,50,21,33,22,31,21,28,40,46,20,43,32
4:00,0,0,114,15,107,21,57,25,60,22,115,37,113,24,123,23,134,26,108,29,67,11,54,16,115,24,108,20,123,15,125,19,127,30,65,25,65,19,129,17,121,19,127,19,113,23,109,23,74,19,59,21,105,22,120,21,125,20,66,24,113,28,81,32,72,18,113,17,105,12,123,15,112,23,119,21,72,19,205,51,115,13,106,22,123,19,106,27,112,12,66,23,51,26,126,14,101,32,128,28,114,38,107,35,73,25,52,29,106,26,0,0
5:00,101,20,239,63,200,70,99,41,113,45,229,76,235,67,222,71,245,76,205,67,119,53,95,49,201,52,217,67,233,68,236,67,219,52,142,49,105,43,215,68,229,67,231,69,216,64,204,69,135,36,102,38,225,57,228,69,210,65,90,51,172,46,126,48,126,45,212,62,232,61,225,54,204,63,214,72,121,33,143,81,197,52,196,58,209,61,222,54,206,49,120,43,97,39,203,63,260,85,256,72,207,81,205,95,120,67,95,62,202,77,0,0
6:00,459,166,413,188,377,166,219,84,238,79,555,179,628,173,567,179,574,171,548,135,286,57,235,62,424,110,554,167,561,140,571,149,554,128,298,76,182,43,499,147,555,174,499,136,524,170,524,115,276,63,213,54,469,123,531,153,483,156,216,53,315,71,259,62,186,59,489,163,495,187,503,162,479,173,455,199,275,109,250,102,433,194,454,195,434,188,458,161,463,153,274,71,187,67,462,140,507,142,507,172,495,160,462,148,241,84,189,83,413,162,0,0
7:00,1184,297,1168,294,1108,278,526,154,473,158,1209,393,1159,393,1154,400,1193,413,1215,403,580,203,412,139,822,266,1142,382,1244,365,1261,414,1196,336,583,184,415,154,1216,356,1123,339,1261,378,1283,349,1197,350,606,178,381,114,994,297,1008,270,1042,321,393,127,593,168,541,153,412,108,1237,284,1221,308,1274,303,1269,321,1185,347,568,203,428,108,1228,355,1080,336,1183,384,1196,295,1249,287,589,137,397,103,1159,309,1067,246,1160,263,1217,249,1193,239,520,112,399,93,873,210,0,0
8:00,1250,485,1240,492,1212,531,718,265,794,308,1259,585,1342,535,1308,512,1335,519,1386,529,908,302,696,285,961,346,1248,567,1343,582,1415,577,1376,423,885,278,672,317,1311,534,1355,485,1369,527,1304,527,1382,529,900,323,695,275,1109,367,1229,430,1151,371,562,226,893,269,830,243,688,266,1344,507,1336,467,1311,499,1392,510,1348,512,780,380,679,230,1238,563,1210,509,1327,433,1319,480,1312,455,830,235,628,256,1315,410,1288,397,1256,433,1436,403,1313,390,768,193,612,191,1044,303,0,0
9:00,1068,421,988,440,1023,452,993,262,947,323,1103,453,1315,481,1057,457,1139,525,1188,439,1070,375,851,308,987,384,1344,501,1098,484,1077,520,1064,459,1055,390,905,382,1099,432,1386,425,1137,451,1092,462,1115,528,1113,375,969,368,1161,450,1215,497,1314,507,612,360,1020,295,1088,348,931,290,1050,420,1165,368,1066,427,1061,429,1108,523,1026,446,974,238,1030,537,1113,494,1010,393,1025,434,1079,394,1011,299,828,268,989,434,1183,350,1048,375,1088,385,1152,363,1031,270,886,198,1183,326,0,0
10:00,1014,410,1073,440,1074,483,1056,402,1029,438,1124,531,1077,547,999,491,1117,495,1089,533,1125,472,956,415,1139,429,1071,577,1058,500,1145,565,1072,471,1057,446,1006,511,1096,466,1117,504,1089,509,1088,544,1134,506,1170,427,1024,463,1202,499,1273,533,1394,550,634,503,1152,383,1233,425,1009,438,1091,428,1011,416,1014,464,1004,475,1063,500,1096,554,1103,316,1063,512,962,472,1011,409,1029,474,1059,452,1061,368,949,353,1057,429,1055,392,1041,462,1057,418,1123,428,1073,307,955,295,1287,456,0,0
11:00,981,495,1042,550,1018,565,1012,369,1174,498,1024,573,1038,569,1070,606,1031,612,1114,601,1128,539,972,519,1099,534,1086,645,1011,594,1119,627,1080,491,1056,538,1088,531,1103,505,1153,549,1126,536,1075,568,1161,661,1095,506,1084,496,1211,605,1319,615,1328,606,658,445,1151,491,1275,539,978,453,1053,499,1051,394,1028,583,1078,547,1137,626,1147,646,1168,292,1033,591,994,496,955,409,1030,473,1030,452,1127,438,943,431,1047,452,1016,459,1159,466,1169,485,1123,511,1059,369,976,400,1238,524,0,0
12:00,943,565,1036,574,979,595,1001,495,924,470,1019,606,1010,564,1082,615,1025,662,1063,715,1007,608,883,519,1021,569,1109,609,1010,637,1053,689,1140,559,1043,591,908,573,958,588,1062,552,1046,579,1021,589,1094,624,1035,566,955,397,1074,655,1144,586,1219,715,552,470,1084,469,1095,523,873,462,1005,534,1033,488,1025,542,993,551,1087,674,1050,716,888,299,924,613,950,545,947,533,894,508,1033,587,1028,495,915,396,979,577,992,482,1040,491,1127,433,1160,496,1060,434,954,327,1115,514,0,0
13:00,1029,571,986,619,1047,698,922,606,1003,451,925,587,1015,550,1002,587,1029,601,1036,666,910,550,866,500,993,589,1014,613,1057,646,1046,693,1092,660,968,567,923,516,1045,566,1051,534,1076,560,980,592,1148,621,955,475,870,460,1065,633,1190,664,1044,717,610,397,1027,578,1019,517,853,474,969,531,989,443,1074,540,947,572,988,598,953,575,846,342,933,503,971,531,1061,573,935,531,1010,521,971,451,840,421,993,491,970,394,1063,410,1013,422,1152,504,934,378,925,379,1092,451,0,0
14:00,1045,627,1000,690,1007,740,869,563,842,410,1019,648,1071,657,1041,685,998,608,1042,690,862,549,785,438,882,678,1094,721,1040,688,1133,651,1111,805,919,594,893,441,1125,635,1086,677,1066,664,1013,659,1046,710,865,499,817,406,1022,614,1100,650,1129,723,547,366,957,656,987,455,740,381,998,584,1042,588,1005,604,969,602,1024,642,911,502,713,314,973,557,1004,525,1014,643,1005,582,1253,619,939,442,775,349,1023,578,1033,480,1088,509,1092,503,967,524,866,415,830,355,1030,500,0,0
15:00,1051,743,1083,766,1180,749,758,520,776,390,1085,773,1234,783,1030,744,1126,823,1036,843,754,615,760,473,923,633,1106,839,1036,803,1076,830,1141,734,904,452,811,503,1156,691,1270,690,1133,738,1157,714,1166,630,862,517,805,409,1079,675,1086,809,1063,755,517,321,984,700,944,464,780,311,1203,605,1240,661,1146,552,1195,568,1169,537,941,416,793,343,1163,537,1081,527,1109,717,1223,646,1174,524,909,428,726,284,1129,502,1066,410,1171,394,1164,499,1124,456,829,321,791,371,1043,511,0,0
16:00,971,666,934,727,893,710,785,530,663,304,911,630,982,751,989,653,997,680,1034,665,856,438,781,363,826,526,1007,659,987,653,1030,660,1119,559,947,428,813,320,974,581,1046,618,991,616,1032,685,1073,614,890,410,843,381,1044,600,1084,667,1084,686,535,211,884,603,943,410,694,317,968,562,931,566,977,640,1000,573,1065,678,949,474,849,337,974,548,1066,588,989,645,989,626,991,594,909,413,756,343,968,556,943,518,1062,505,1051,507,1024,473,858,379,798,346,1076,473,0,0
17:00,961,639,959,590,996,608,696,415,557,435,733,691,796,653,745,670,797,687,851,635,669,484,630,454,661,585,830,694,791,702,824,747,799,709,686,530,613,451,729,643,822,689,843,727,804,698,837,706,604,564,571,476,758,727,829,722,810,502,440,333,705,601,699,476,578,379,732,634,807,659,785,686,853,700,861,658,707,494,597,427,758,641,792,735,776,662,814,627,824,625,697,487,569,433,731,751,757,912,833,454,859,488,777,438,652,363,668,342,782,547,0,0
18:00,604,490,685,457,659,485,521,431,406,416,459,476,542,378,562,491,579,461,625,470,501,348,440,378,515,411,544,491,571,452,555,459,566,501,504,414,436,336,489,459,495,421,552,530,558,475,577,512,493,408,460,340,521,483,648,528,604,544,376,242,556,462,564,407,503,305,522,429,552,433,533,457,628,503,604,479,523,349,473,334,476,392,553,449,515,435,576,436,579,481,500,374,383,362,508,614,570,654,575,556,593,535,598,551,458,679,484,462,579,721,0,0
19:00,414,366,403,404,421,437,388,375,301,356,348,360,403,334,367,372,396,369,422,374,440,313,298,311,374,335,379,362,420,385,413,388,357,362,397,324,324,272,385,296,382,353,339,380,406,410,456,383,376,390,372,313,406,366,452,413,480,435,360,296,398,392,393,357,406,285,366,332,412,354,357,353,413,388,571,394,406,297,364,294,373,315,363,371,363,366,352,352,402,422,374,365,334,293,378,484,427,529,413,463,419,497,466,524,393,541,374,421,483,606,0,0
20:00,292,310,383,345,340,392,326,377,251,297,231,292,270,275,263,344,280,337,344,359,324,302,249,288,282,294,289,297,317,332,288,329,289,301,327,315,256,281,309,302,293,348,299,354,288,373,307,345,336,363,288,331,265,354,361,370,375,404,370,291,368,343,355,332,319,246,263,280,297,330,333,353,290,394,412,356,332,309,284,299,258,318,296,387,284,370,286,334,331,390,333,412,266,311,303,449,269,468,326,436,303,459,319,471,311,548,335,438,372,498,0,0
21:00,295,264,321,309,308,362,287,320,219,217,221,225,237,196,245,244,233,344,326,349,341,311,252,252,240,226,230,214,251,262,280,320,270,308,262,302,237,233,240,225,268,220,283,292,273,291,321,378,297,328,257,229,258,342,315,376,328,369,315,237,348,401,299,336,213,182,209,240,245,269,241,295,282,322,313,330,308,342,250,244,209,239,252,306,205,312,274,314,299,356,320,340,217,222,192,328,247,404,244,415,267,435,295,493,266,468,318,440,293,521,0,0
22:00,146,179,192,169,234,296,241,277,151,164,103,108,149,136,145,160,136,185,254,250,271,233,164,163,137,127,174,152,162,194,169,236,277,286,251,243,149,126,135,129,142,158,139,228,184,207,220,321,251,234,145,166,166,184,229,257,243,233,204,154,263,278,248,273,134,150,153,150,148,175,146,156,178,241,253,242,270,246,123,152,135,156,156,179,157,183,159,212,243,286,212,291,146,150,141,274,137,265,172,234,165,284,225,381,257,426,237,228,191,350,0,0
23:00,76,89,95,111,137,201,160,199,93,124,85,64,76,98,87,84,100,100,128,165,177,185,107,98,86,93,65,88,101,106,91,110,154,163,167,166,92,100,76,72,72,89,77,86,105,105,121,146,148,154,106,134,95,117,104,121,141,149,136,108,147,151,151,133,86,85,97,83,75,85,72,85,93,132,147,165,148,148,93,84,66,75,68,91,92,82,94,114,130,168,151,176,71,81,77,178,86,146,79,153,84,153,126,215,152,277,92,129,121,193,0,0
